{
    "providers":[
       {"type":"bitmap","file":"custom/font/prefixes/owner.png","ascent":7,"height":7,"chars":["\ue350"]},
       {"type":"bitmap","file":"custom/font/prefixes/admin.png","ascent":7,"height":7,"chars":["\ue352"]},
       {"type":"bitmap","file":"custom/font/prefixes/developer.png","ascent":7,"height":7,"chars":["\ue353"]},
       {"type":"bitmap","file":"custom/font/prefixes/bedrock.png","ascent":7,"height":7,"chars":["\uFFC9"]},
       {"type":"bitmap","file":"custom/font/prefixes/member.png","ascent":7,"height":7,"chars":["\ue359"]},
       {"type":"bitmap","file":"custom/font/prefixes/premium.png","ascent":7,"height":7,"chars":["\ue364"]},
       {"type":"bitmap","file":"custom/font/prefixes/builder.png","ascent":7,"height":7,"chars":["\ue369"]},
       {"type":"bitmap","file":"custom/font/prefixes/hacker.png","ascent":7,"height":7,"chars":["\ue367"]},
       {"type":"bitmap","file":"custom/font/icons/icon.png","ascent":30,"height":30,"chars":["\ue401"]},
       {"type": "bitmap", "file": "minecraft:guis/pixel.png","ascent": -2000,"height": -3,"chars": ["\uE326"]},
       {"type": "bitmap", "file": "minecraft:guis/onthepixel/server.png","ascent": 13,"height": 256,"chars": ["\uE327"]}
    
    ]
 }
