{
	"credit": "Made with Blockbench",
	"textures": {
		"0": "cosmetics:hat/base",
		"1": "cosmetics:hat/cube",
		"2": "cosmetics:hat/red-1",
		"3": "cosmetics:hat/red-2",
		"4": "cosmetics:hat/red-3",
		"particle": "cosmetics:hat/base"
	},
	"elements": [
		{
			"name": "base",
			"from": [2.5, 0, 2.5],
			"to": [13.5, 2, 13.5],
			"faces": {
				"north": {"uv": [5, 0, 10, 1], "texture": "#0"},
				"east": {"uv": [5, 1, 10, 2], "texture": "#0"},
				"south": {"uv": [5, 2, 10, 3], "texture": "#0"},
				"west": {"uv": [5, 3, 10, 4], "texture": "#0"},
				"up": {"uv": [5, 5, 0, 0], "texture": "#0"},
				"down": {"uv": [5, 5, 0, 10], "texture": "#0"}
			}
		},
		{
			"name": "red-1",
			"from": [4, 2, 4],
			"to": [12, 4, 12],
			"faces": {
				"north": {"uv": [8, 0, 16, 2], "texture": "#2"},
				"east": {"uv": [8, 2, 16, 4], "texture": "#2"},
				"south": {"uv": [8, 4, 16, 6], "texture": "#2"},
				"west": {"uv": [8, 6, 16, 8], "texture": "#2"},
				"up": {"uv": [8, 8, 0, 0], "texture": "#2"},
				"down": {"uv": [8, 8, 0, 16], "texture": "#2"}
			}
		},
		{
			"name": "red-2",
			"from": [6.5, -1, 5.75],
			"to": [11.5, 5, 10.75],
			"rotation": {"angle": 22.5, "axis": "z", "origin": [0, 0, 0]},
			"faces": {
				"north": {"uv": [0, 0, 5, 6], "texture": "#3"},
				"east": {"uv": [5, 0, 10, 6], "texture": "#3"},
				"south": {"uv": [0, 6, 5, 12], "texture": "#3"},
				"west": {"uv": [5, 6, 10, 12], "texture": "#3"},
				"up": {"uv": [15, 5, 10, 0], "texture": "#3"},
				"down": {"uv": [15, 5, 10, 10], "texture": "#3"}
			}
		},
		{
			"name": "red-3",
			"from": [7.5, 4.75, 6.75],
			"to": [10.5, 9, 10],
			"rotation": {"angle": 22.5, "axis": "z", "origin": [0, 0, 0]},
			"faces": {
				"north": {"uv": [0, 0, 3, 4], "texture": "#4"},
				"east": {"uv": [3, 0, 6, 4], "texture": "#4"},
				"south": {"uv": [0, 4, 3, 8], "texture": "#4"},
				"west": {"uv": [3, 4, 6, 8], "texture": "#4"},
				"up": {"uv": [9, 3, 6, 0], "texture": "#4"},
				"down": {"uv": [9, 3, 6, 6], "texture": "#4"}
			}
		},
		{
			"from": [-2.75, 8.75, 6.5],
			"to": [0.5, 12.25, 10.25],
			"rotation": {"angle": -22.5, "axis": "z", "origin": [0, 0, 0]},
			"faces": {
				"north": {"uv": [0.25, 0.25, 0.75, 0.75], "rotation": 90, "texture": "#1"},
				"east": {"uv": [1.25, 0.25, 1.75, 0.75], "rotation": 270, "texture": "#1"},
				"south": {"uv": [2.25, 0.25, 2.75, 0.75], "rotation": 270, "texture": "#1"},
				"west": {"uv": [3.25, 0.25, 3.75, 0.75], "rotation": 270, "texture": "#1"},
				"up": {"uv": [4.25, 0.25, 4.75, 0.75], "rotation": 270, "texture": "#1"},
				"down": {"uv": [5.25, 0.25, 5.75, 0.75], "rotation": 270, "texture": "#1"}
			}
		}
	],
	"display": {
		"thirdperson_righthand": {
			"rotation": [0, 90, 0],
			"translation": [0, 2.75, -3]
		},
		"thirdperson_lefthand": {
			"rotation": [0, 90, 0],
			"translation": [0, 2.75, -3]
		},
		"firstperson_righthand": {
			"rotation": [0, 100, 0],
			"translation": [0, 2.25, 0.25]
		},
		"firstperson_lefthand": {
			"rotation": [0, 100, 0],
			"translation": [0, 2.25, 2]
		},
		"ground": {
			"translation": [0, 3.75, 0]
		},
		"head": {
			"rotation": [0, 90, 0],
			"translation": [0, 16.75, 0],
			"scale": [1.55, 1.55, 1.55]
		},
		"fixed": {
			"translation": [0, 0, 0.5],
			"scale": [1, 1, 0.5]
		}
	}
}