{
	"textures": {
		"0": "cosmetics:body/squirrel_tail",
		"particle": "cosmetics:body/squirrel_tail"
	},
	"elements": [
		{
			"from": [6.5, -14, 6],
			"to": [9.5, -11, 9],
			"rotation": {"angle": 0, "axis": "y", "origin": [4, -14, 4]},
			"faces": {
				"north": {"uv": [6.5, 5, 9.5, 8], "rotation": 180, "texture": "#0"},
				"east": {"uv": [7, 10, 4, 13], "texture": "#0"},
				"south": {"uv": [6.5, 5, 9.5, 8], "texture": "#0"},
				"west": {"uv": [4, 10, 7, 13], "texture": "#0"},
				"up": {"uv": [7, 10, 10, 13], "texture": "#0"},
				"down": {"uv": [6.5, 5, 9.5, 8], "rotation": 180, "texture": "#0"}
			}
		},
		{
			"from": [6, -16, 9],
			"to": [10, -6, 12],
			"rotation": {"angle": -22.5, "axis": "x", "origin": [4, -14, 4]},
			"faces": {
				"north": {"uv": [11, 6, 15, 16], "rotation": 180, "texture": "#0"},
				"east": {"uv": [14, 0, 11, 10], "texture": "#0"},
				"south": {"uv": [0, 5, 4, 15], "texture": "#0"},
				"west": {"uv": [11, 0, 14, 10], "texture": "#0"},
				"up": {"uv": [6, 5, 10, 8], "rotation": 180, "texture": "#0"},
				"down": {"uv": [6, 5, 10, 8], "texture": "#0"}
			}
		},
		{
			"from": [5, -8, 7.5],
			"to": [11, -3, 12.5],
			"rotation": {"angle": 0, "axis": "y", "origin": [4, -14, 4]},
			"faces": {
				"north": {"uv": [5, 5, 11, 10], "texture": "#0"},
				"east": {"uv": [5, 0, 0, 5], "texture": "#0"},
				"south": {"uv": [5, 0, 11, 5], "texture": "#0"},
				"west": {"uv": [0, 0, 5, 5], "texture": "#0"},
				"up": {"uv": [5, 5, 11, 10], "texture": "#0"},
				"down": {"uv": [5, 0, 11, 5], "rotation": 180, "texture": "#0"}
			}
		}
	],
	"gui_light": "front",
	"display": {
		"gui": {
			"rotation": [30, 135, 0],
			"translation": [-1, -2, 0],
			"scale": [0.55, 0.55, 0.55]
		},
		"head": {
			"rotation": [15, 0, 0],
			"translation": [0, -56.5, 25.5],
			"scale": [3.2, 3.2, 3.2]
		}
	}
}